"agency_code","port_name","pacfin_port_code","pacfin_port_group_code","wcgop_port_group_code"
C,ALAMEDA,ALM,SFA,SF
C,ALBION,ALB,BGA,FB
C,ALL CALIFORNIA PORTS,ACA,ALP,ZZ
O,ALL OREGON PORTS,AOR,ALP,ZZ
W,ALL WASHINGTON PORTS,AWA,ALP,ZZ
W,ANACORTES,ANA,NPS,BB
O,ASTORIA,AST,CLO,AT
C,AVILA,AVL,MRA,MB
O,BANDON,BDN,CBA,CB
W,BELLINGHAM BAY,BLL,NPS,BB
C,BERKELEY,BKL,SFA,SF
C,BIG CREEK,BCR,MNA,MT
W,BLAINE,BLN,NPS,BB
C,BODEGA BAY,BDG,BDA,FB
C,BODEGA BAY AREA PORTS,BDA,ACA,FB
O,BROOKINGS,BRK,BRA,CC
O,BROOKINGS AREA PORTS,BRA,AOR,CC
O,CANNON BEACH,CNB,CLO,AT
W,CATCHER-PROCESSOR LANDINGS IN WASHINGTON STATE,CP5,AWA,ZZ
W,CATCHER-PROCESSOR LANDINGS IN WASHINGTON STATE,WCP,CP5,ZZ
O,CHARLESTON (COOS BAY),COS,CBA,CB
O,COLUMBIA RIVER ABOVE BONNEVILLE DAM,CAB,CLO,AT
O,COLUMBIA RIVER BELOW BONNEVILLE DAM,CBB,CLO,AT
O,COLUMBIA RIVER PORTS (OREGON),CLO,AOR,AT
W,COLUMBIA RIVER PORTS (WASHINGTON),CLW,AWA,ZZ
O,COOS BAY,COS,CBA,CB
O,COOS BAY AREA PORTS,CBA,AOR,CB
W,COPALIS BEACH,CPL,CWA,AT
C,CRESCENT CITY,CRS,CCA,CC
C,CRESCENT CITY AREA PORTS,CCA,ACA,CC
C,DANA POINT,DNA,LAA,LA
O,DEPOE BAY,DPO,NPA,NP
C,EUREKA,ERK,ERA,EA
C,EUREKA AREA PORTS,ERA,ACA,EA
W,EVERETT,EVR,SPS,BB
C,FIELDS LANDING,FLN,ERA,EA
C,"FISH AT SEA, CALIFORNIA",AS2,ACA,ZZ
C,"FISH AT SEA, CALIFORNIA",ASC,AS2,ZZ
O,"FISH AT SEA, OREGON",ASO,AS4,ZZ
O,"FISH AT SEA, OREGON",AS4,AOR,ZZ
W,"FISH AT SEA, WASHINGTON",ASW,AS5,ZZ
W,"FISH AT SEA, WASHINGTON",AS5,AWA,ZZ
O,FLORENCE,FLR,CBA,CB
C,FORT BRAGG,BRG,BGA,FB
C,FORT BRAGG AREA PORTS,BGA,ACA,FB
W,FRIDAY HARBOR,FRI,NPS,BB
O,GEARHART - SEASIDE,GSS,CLO,AT
O,GOLD BEACH,GLD,BRA,CC
W,GRAYS HARBOR,GRH,CWA,AT
W,ILWACO/CHINOOK,LWC,CLW,AT
W,LA CONNER,LAC,NPS,BB
O,LANDED IN WASHINGTON; TRANSPORTED TO OREGON,WAL,AOR,ZZ
W,LA PUSH,LAP,CWA,NB
C,LONG BEACH,LGB,LAA,LA
C,LOS ANGELES AREA PORTS,LAA,ACA,LA
C,MILL CREEK,MCR,MNA,MT
C,MONTEREY,MNT,MNA,MT
C,MONTEREY AREA PORTS,MNA,ACA,MT
C,MORRO BAY,MRO,MRA,MB
C,MORRO BAY AREA PORTS,MRA,ACA,MB
C,MOSS LANDING,MOS,MNA,MT
W,NEAH BAY,NEA,NPS,NB
O,NEHALEM BAY,NHL,TLA,AT
O,NETARTS BAY,NTR,TLA,AT
O,NEWPORT,NEW,NPA,NP
O,NEWPORT AREA PORTS,NPA,AOR,NP
C,NEWPORT BEACH,NWB,LAA,LA
W,NORTH PUGET SOUND PORTS,NPS,AWA,ZZ
C,OAKLAND,OAK,SFA,SF
C,OCEANSIDE,OCN,SDA,LA
W,OLYMPIA,OLY,SPS,BB
W,OTHER COLUMBIA RIVER PORTS,OCR,CLW,AT
C,OTHER DEL NORTE COUNTY PORTS,ODN,CCA,CC
C,OTHER HUMBOLDT COUNTY PORTS,OHB,ERA,EA
C,Other LA and Orange Cnty Ports,OLA,LAA,LA
C,OTHER MENDOCINO COUNTY PORTS,OMD,BGA,FB
W,OTHER NORTH PUGET SOUND PORTS,ONP,NPS,NB
C,OTHER OR UNKNOWN CALIFORNIA PORTS,CA2,ACA,ZZ
C,OTHER OR UNKNOWN CALIFORNIA PORTS,OCA,CA2,ZZ
O,OTHER OR UNKNOWN OREGON PORTS,OR4,AOR,ZZ
O,OTHER OR UNKNOWN OREGON PORTS,OOR,OR4,ZZ
W,OTHER OR UNKNOWN WASHINGTON PORTS,WA5,AWA,ZZ
W,OTHER OR UNKNOWN WASHINGTON PORTS,OWA,WA5,ZZ
C,OTHER SAN DIEGO COUNTY PORTS,OSD,SDA,LA
C,OTHER SAN LUIS OBISPO COUNTY PORTS,OSL,MRA,MB
C,OTHER SANTA BARBARA AND VENTURA COUNTY PORTS,OBV,SBA,SB
C,OTHER SANTA CRUZ AND MONTEREY COUNTY PORTS,OCM,MNA,MT
C,OTHER S. F. BAY AND SAN MATEO COUNTY PORTS,OSF,SFA,SF
C,OTHER SONOMA AND MARIN COUNTY OUTER COAST PORTS,OSM,BDA,FB
W,OTHER SOUTH PUGET SOUND PORTS,OSP,SPS,BB
W,OTHER WASHINGTION COASTAL PORTS,OWC,CWA,AT
C,OXNARD,OXN,SBA,SB
O,PACIFIC CITY,PCC,TLA,AT
C,POINT ARENA,ARE,BGA,FB
C,POINT REYES,RYS,BDA,FB
W,PORT ANGELES,PAG,NPS,NB
C,PORT HUENEME,HNM,SBA,SB
O,PORT ORFORD,ORF,BRA,CC
W,PORT TOWNSEND,TNS,NPS,NB
C,PRINCETON / HALF MOON BAY,PRN,SFA,SF
O,PSUEDO PORT CODE FOR COLUMBIA RIVER,CRV,CLO,AT
C,RICHMOND,RCH,SFA,SF
O,SALMON RIVER,SRV,TLA,AT
C,SAN DIEGO,SD,SDA,LA
C,SAN DIEGO AREA PORTS,SDA,ACA,LA
O,SAND LAKE,SLK,TLA,AT
C,SAN FRANCISCO,SF,SFA,SF
C,SAN FRANCISCO AREA PORTS,SFA,ACA,SF
C,SAN PEDRO,SP,LAA,LA
C,SAN SIMEON,SIM,MRA,MB
C,SANTA BARBARA,SB,SBA,SB
C,SANTA BARBARA AREA PORTS,SBA,ACA,SB
C,SANTA CRUZ,CRZ,MNA,MT
C,SAUSALITO,SLT,SFA,SF
W,SEATTLE,SEA,SPS,BB
W,SEQUIM,SEQ,NPS,NB
W,SHELTON,SHL,SPS,BB
O,SILETZ BAY,SLZ,NPA,NP
W,SOUTH PUGET SOUND PORTS,SPS,AWA,ZZ
W,TACOMA,TAC,SPS,BB
C,TERMINAL ISLAND,TRM,LAA,LA
O,TILLAMOOK AREA PORTS,TLA,AOR,AT
O,TILLAMOOK/GARIBALDI,TLL,TLA,AT
C,TOMALES BAY,TML,BDA,FB
C,TRINIDAD,TRN,ERA,EA
C,VENTURA,VEN,SBA,SB
O,WALDPORT,WLD,NPA,NP
O,WARRENTON,WAR,CLO,AT
W,WASHINGTON COASTAL PORTS,CWA,AWA,ZZ
W,WESTPORT,WPT,CWA,AT
W,WILLAPA BAY,WLB,CWA,AT
C,WILLMINGTON,WLM,LAA,LA
O,WINCHESTER BAY,WIN,CBA,CB
O,YACHATS,YAC,NPA,NP
O,YOUNGS BAY ON COLUMBIA RIVER,CYB,CLO,AT
